{
  "test_loss": {
    "mean": 0.30355996191501616,
    "var": 0.00020586096880678695,
    "stddev": 0.014347855895805022,
    "stderr": 0.004537190417061939
  },
  "test_accuracy": {
    "mean": 0.8897440551824289,
    "var": 3.374204312767137e-05,
    "stddev": 0.005808790160409599,
    "stderr": 0.001836900735686917
  },
  "test_precision": {
    "mean": 0.5817517442497608,
    "var": 0.00029475223124753036,
    "stddev": 0.017168349694933707,
    "stderr": 0.005429108870224747
  },
  "test_recall": {
    "mean": 0.8417067307692309,
    "var": 0.00014736559264039162,
    "stddev": 0.012139423076917273,
    "stderr": 0.0038388226403467977
  },
  "test_f1_score": {
    "mean": 0.6877919136731481,
    "var": 0.00014555002537985917,
    "stddev": 0.012064411522318822,
    "stderr": 0.0038151019040106797
  },
  "test_runtime": {
    "mean": 14.544390000000002,
    "var": 17.107049746899946,
    "stddev": 4.136066941781763,
    "stderr": 1.3079392090957418
  },
  "test_samples_per_second": {
    "mean": 404.90999999999997,
    "var": 9042.856592800032,
    "stddev": 95.09393562578022,
    "stderr": 30.071342824689474
  },
  "test_steps_per_second": {
    "mean": 12.715499999999999,
    "var": 8.917313250000007,
    "stddev": 2.9861870755195508,
    "stderr": 0.9443152677999019
  }
}