{
  "loss": {
    "mean": 0.3802463256330652,
    "var": 0.0024172523181779926,
    "stddev": 0.04916556028540703,
    "stderr": 0.015547515294020433
  },
  "accuracy": {
    "mean": 0.893991650027228,
    "var": 3.8867733754721634e-05,
    "stddev": 0.006234399229654902,
    "stderr": 0.0019714901408508646
  },
  "precision": {
    "mean": 0.6072004883972542,
    "var": 0.0005735683372010691,
    "stddev": 0.023949286778546644,
    "stderr": 0.007573429455676398
  },
  "recall": {
    "mean": 0.7610576923076924,
    "var": 0.0003088017751478045,
    "stddev": 0.017572756617782098,
    "stderr": 0.005556993567998838
  },
  "f1_score": {
    "mean": 0.6749096328187975,
    "var": 0.00011244270365495801,
    "stddev": 0.01060390039820056,
    "stderr": 0.003353247733988021
  }
}