{
  "test_loss": {
    "mean": 0.3043557107448578,
    "var": 0.0009472079628311675,
    "stddev": 0.030776743863364875,
    "stderr": 0.0097324609571843
  },
  "test_accuracy": {
    "mean": 0.909548012343438,
    "var": 2.4416225321788332e-05,
    "stddev": 0.004941277701342875,
    "stderr": 0.0015625692087644734
  },
  "test_precision": {
    "mean": 0.6435056957577767,
    "var": 0.00030165377289742556,
    "stddev": 0.017368182774758722,
    "stderr": 0.005492301638634076
  },
  "test_recall": {
    "mean": 0.8362980769230768,
    "var": 3.114598742626207e-05,
    "stddev": 0.005580859022252942,
    "stderr": 0.0017648225810619623
  },
  "test_f1_score": {
    "mean": 0.7271602917496103,
    "var": 9.75678586402351e-05,
    "stddev": 0.009877644387212727,
    "stderr": 0.0031235854180770386
  },
  "test_runtime": {
    "mean": 19.147650000000002,
    "var": 26.741224946499926,
    "stddev": 5.171191830371401,
    "stderr": 1.6352744401628712
  },
  "test_samples_per_second": {
    "mean": 309.0354,
    "var": 6568.252837040025,
    "stddev": 81.04475823296671,
    "stderr": 25.628602843385796
  },
  "test_steps_per_second": {
    "mean": 9.704799999999999,
    "var": 6.476806360000012,
    "stddev": 2.5449570448241383,
    "stderr": 0.8047860808935509
  }
}